{

    "details": [{
        "Experiment": "Determination of Motor Thrust",
        "Lab": "Marine Structure Lab",
        "Discipline": "Civil Engineering",
        "Technology": "HTML, Javascript, CSS, JQuery, Inkscape"
    }],

    "developer": [{
        "Developer": "Dr. Pruthviraj U",
        "Institute": "National Institute of Technology Karnataka, Surathkal",
        "InstituteAcronym": "NITK, Surathkal"
    }],

    "contributer": [{
            "Contributer": "Anusha B Salian",
            "Institute": "National Institute of Technology Karnataka, Surathkal",
            "InstituteAcronym": "NITK, Surathkal"
        },

        {
            "Contributer": "Akshaya",
            "Institute": "National Institute of Technology Karnataka, Surathkal",
            "InstituteAcronym": "NITK, Surathkal"
        },

        {
            "Contributer": "Swathi Shetty",
            "Institute": "National Institute of Technology Karnataka, Surathkal",
            "InstituteAcronym": "NITK, Surathkal"
        },

        {
            "Contributer": "Aishwarya Shetty",
            "Institute": "National Institute of Technology Karnataka, Surathkal",
            "InstituteAcronym": "NITK, Surathkal"
        },

        {
            "Contributer": "Aishwarya Hegde",
            "Institute": "National Institute of Technology Karnataka, Surathkal",
            "InstituteAcronym": "NITK, Surathkal"
        },

        {
            "Contributer": "Shanshank K Pal",
            "Institute": "National Institute of Technology Karnataka, Surathkal",
            "InstituteAcronym": "NITK, Surathkal"
        },

        {
            "Contributer": "Sushamitha Wadde",
            "Institute": "National Institute of Technology Karnataka, Surathkal",
            "InstituteAcronym": "NITK, Surathkal"
        }
    ]

}